channel_id,name,program_id,start,end,genre,score,url
0,"News18 India",6LMeWlRN5Dg_0,420,563,news,62,https://www.youtube.com/watch?v=6LMeWlRN5Dg
0,"News18 India",6LMeWlRN5Dg_1,563,607,variety,52,https://www.youtube.com/watch?v=6LMeWlRN5Dg
0,"News18 India",6LMeWlRN5Dg_2,607,779,variety,68,https://www.youtube.com/watch?v=6LMeWlRN5Dg
0,"News18 India",6LMeWlRN5Dg_3,779,897,news,32,https://www.youtube.com/watch?v=6LMeWlRN5Dg
0,"News18 India",6LMeWlRN5Dg_4,897,995,variety,59,https://www.youtube.com/watch?v=6LMeWlRN5Dg
0,"News18 India",6LMeWlRN5Dg_5,995,1164,variety,78,https://www.youtube.com/watch?v=6LMeWlRN5Dg
0,"News18 India",6LMeWlRN5Dg_6,1164,1236,variety,35,https://www.youtube.com/watch?v=6LMeWlRN5Dg
0,"News18 India",6LMeWlRN5Dg_7,1236,1309,sports,39,https://www.youtube.com/watch?v=6LMeWlRN5Dg
0,"News18 India",6LMeWlRN5Dg_8,1309,1380,variety,77,https://www.youtube.com/watch?v=6LMeWlRN5Dg
1,"Aaj Tak",mudGscWYLVI_0,420,568,variety,34,https://www.youtube.com/watch?v=mudGscWYLVI
1,"Aaj Tak",mudGscWYLVI_1,568,682,gaming,85,https://www.youtube.com/watch?v=mudGscWYLVI
1,"Aaj Tak",mudGscWYLVI_2,682,837,variety,57,https://www.youtube.com/watch?v=mudGscWYLVI
1,"Aaj Tak",mudGscWYLVI_3,837,913,variety,37,https://www.youtube.com/watch?v=mudGscWYLVI
1,"Aaj Tak",mudGscWYLVI_4,913,1082,gaming,59,https://www.youtube.com/watch?v=mudGscWYLVI
1,"Aaj Tak",mudGscWYLVI_5,1082,1252,variety,99,https://www.youtube.com/watch?v=mudGscWYLVI
1,"Aaj Tak",mudGscWYLVI_6,1252,1347,variety,42,https://www.youtube.com/watch?v=mudGscWYLVI
1,"Aaj Tak",mudGscWYLVI_7,1347,1380,kids,99,https://www.youtube.com/watch?v=mudGscWYLVI
2,"Aaj Tak",cYDfL17gr3k_0,420,559,variety,30,https://www.youtube.com/watch?v=cYDfL17gr3k
2,"Aaj Tak",cYDfL17gr3k_1,559,720,variety,60,https://www.youtube.com/watch?v=cYDfL17gr3k
2,"Aaj Tak",cYDfL17gr3k_2,720,876,variety,75,https://www.youtube.com/watch?v=cYDfL17gr3k
2,"Aaj Tak",cYDfL17gr3k_3,876,970,news,36,https://www.youtube.com/watch?v=cYDfL17gr3k
2,"Aaj Tak",cYDfL17gr3k_4,970,1043,variety,37,https://www.youtube.com/watch?v=cYDfL17gr3k
2,"Aaj Tak",cYDfL17gr3k_5,1043,1214,sports,40,https://www.youtube.com/watch?v=cYDfL17gr3k
2,"Aaj Tak",cYDfL17gr3k_6,1214,1329,variety,60,https://www.youtube.com/watch?v=cYDfL17gr3k
2,"Aaj Tak",cYDfL17gr3k_7,1329,1380,variety,50,https://www.youtube.com/watch?v=cYDfL17gr3k
3,"Football Gamer Rony",3i9m0fbCmkw_0,420,562,sports,83,https://www.youtube.com/watch?v=3i9m0fbCmkw
3,"Football Gamer Rony",3i9m0fbCmkw_1,562,735,gaming,34,https://www.youtube.com/watch?v=3i9m0fbCmkw
3,"Football Gamer Rony",3i9m0fbCmkw_2,735,846,gaming,97,https://www.youtube.com/watch?v=3i9m0fbCmkw
3,"Football Gamer Rony",3i9m0fbCmkw_3,846,955,drama,94,https://www.youtube.com/watch?v=3i9m0fbCmkw
3,"Football Gamer Rony",3i9m0fbCmkw_4,955,1057,gaming,92,https://www.youtube.com/watch?v=3i9m0fbCmkw
3,"Football Gamer Rony",3i9m0fbCmkw_5,1057,1167,gaming,91,https://www.youtube.com/watch?v=3i9m0fbCmkw
3,"Football Gamer Rony",3i9m0fbCmkw_6,1167,1283,drama,97,https://www.youtube.com/watch?v=3i9m0fbCmkw
3,"Football Gamer Rony",3i9m0fbCmkw_7,1283,1380,tech,98,https://www.youtube.com/watch?v=3i9m0fbCmkw
4,"القرآن_الكريم AlQuranHD",YUPLTrBrLuo_0,420,480,variety,60,https://www.youtube.com/watch?v=YUPLTrBrLuo
4,"القرآن_الكريم AlQuranHD",YUPLTrBrLuo_1,480,617,music,36,https://www.youtube.com/watch?v=YUPLTrBrLuo
4,"القرآن_الكريم AlQuranHD",YUPLTrBrLuo_2,617,718,variety,81,https://www.youtube.com/watch?v=YUPLTrBrLuo
4,"القرآن_الكريم AlQuranHD",YUPLTrBrLuo_3,718,837,variety,70,https://www.youtube.com/watch?v=YUPLTrBrLuo
4,"القرآن_الكريم AlQuranHD",YUPLTrBrLuo_4,837,972,variety,56,https://www.youtube.com/watch?v=YUPLTrBrLuo
4,"القرآن_الكريم AlQuranHD",YUPLTrBrLuo_5,972,1111,movie,64,https://www.youtube.com/watch?v=YUPLTrBrLuo
4,"القرآن_الكريم AlQuranHD",YUPLTrBrLuo_6,1111,1207,variety,31,https://www.youtube.com/watch?v=YUPLTrBrLuo
4,"القرآن_الكريم AlQuranHD",YUPLTrBrLuo_7,1207,1329,variety,50,https://www.youtube.com/watch?v=YUPLTrBrLuo
4,"القرآن_الكريم AlQuranHD",YUPLTrBrLuo_8,1329,1380,variety,53,https://www.youtube.com/watch?v=YUPLTrBrLuo
5,"NDTV India",RN9hqOXXK7c_0,420,569,variety,79,https://www.youtube.com/watch?v=RN9hqOXXK7c
5,"NDTV India",RN9hqOXXK7c_1,569,645,variety,75,https://www.youtube.com/watch?v=RN9hqOXXK7c
5,"NDTV India",RN9hqOXXK7c_2,645,789,variety,30,https://www.youtube.com/watch?v=RN9hqOXXK7c
5,"NDTV India",RN9hqOXXK7c_3,789,954,variety,41,https://www.youtube.com/watch?v=RN9hqOXXK7c
5,"NDTV India",RN9hqOXXK7c_4,954,1079,variety,85,https://www.youtube.com/watch?v=RN9hqOXXK7c
5,"NDTV India",RN9hqOXXK7c_5,1079,1217,variety,56,https://www.youtube.com/watch?v=RN9hqOXXK7c
5,"NDTV India",RN9hqOXXK7c_6,1217,1292,variety,46,https://www.youtube.com/watch?v=RN9hqOXXK7c
5,"NDTV India",RN9hqOXXK7c_7,1292,1380,variety,66,https://www.youtube.com/watch?v=RN9hqOXXK7c
6,"News 24",idcaUzeqqhY_0,420,598,news,69,https://www.youtube.com/watch?v=idcaUzeqqhY
6,"News 24",idcaUzeqqhY_1,598,727,news,99,https://www.youtube.com/watch?v=idcaUzeqqhY
6,"News 24",idcaUzeqqhY_2,727,874,tech,49,https://www.youtube.com/watch?v=idcaUzeqqhY
6,"News 24",idcaUzeqqhY_3,874,999,news,30,https://www.youtube.com/watch?v=idcaUzeqqhY
6,"News 24",idcaUzeqqhY_4,999,1153,news,32,https://www.youtube.com/watch?v=idcaUzeqqhY
6,"News 24",idcaUzeqqhY_5,1153,1302,news,69,https://www.youtube.com/watch?v=idcaUzeqqhY
6,"News 24",idcaUzeqqhY_6,1302,1347,news,75,https://www.youtube.com/watch?v=idcaUzeqqhY
6,"News 24",idcaUzeqqhY_7,1347,1380,news,31,https://www.youtube.com/watch?v=idcaUzeqqhY
7,"ABP NEWS",YPBT5dj5sWM_0,420,579,variety,69,https://www.youtube.com/watch?v=YPBT5dj5sWM
7,"ABP NEWS",YPBT5dj5sWM_1,579,640,drama,30,https://www.youtube.com/watch?v=YPBT5dj5sWM
7,"ABP NEWS",YPBT5dj5sWM_2,640,803,talk,37,https://www.youtube.com/watch?v=YPBT5dj5sWM
7,"ABP NEWS",YPBT5dj5sWM_3,803,968,variety,88,https://www.youtube.com/watch?v=YPBT5dj5sWM
7,"ABP NEWS",YPBT5dj5sWM_4,968,1124,variety,58,https://www.youtube.com/watch?v=YPBT5dj5sWM
7,"ABP NEWS",YPBT5dj5sWM_5,1124,1234,variety,59,https://www.youtube.com/watch?v=YPBT5dj5sWM
7,"ABP NEWS",YPBT5dj5sWM_6,1234,1380,variety,58,https://www.youtube.com/watch?v=YPBT5dj5sWM
8,"News18 India",_ZrMq-va5-Y_0,420,588,variety,50,https://www.youtube.com/watch?v=_ZrMq-va5-Y
8,"News18 India",_ZrMq-va5-Y_1,588,708,variety,83,https://www.youtube.com/watch?v=_ZrMq-va5-Y
8,"News18 India",_ZrMq-va5-Y_2,708,881,variety,73,https://www.youtube.com/watch?v=_ZrMq-va5-Y
8,"News18 India",_ZrMq-va5-Y_3,881,951,variety,74,https://www.youtube.com/watch?v=_ZrMq-va5-Y
8,"News18 India",_ZrMq-va5-Y_4,951,1102,tech,78,https://www.youtube.com/watch?v=_ZrMq-va5-Y
8,"News18 India",_ZrMq-va5-Y_5,1102,1245,variety,74,https://www.youtube.com/watch?v=_ZrMq-va5-Y
8,"News18 India",_ZrMq-va5-Y_6,1245,1348,movie,75,https://www.youtube.com/watch?v=_ZrMq-va5-Y
8,"News18 India",_ZrMq-va5-Y_7,1348,1380,variety,63,https://www.youtube.com/watch?v=_ZrMq-va5-Y
9,"News18 Lokmat",aAYo4324TQY_0,420,494,news,91,https://www.youtube.com/watch?v=aAYo4324TQY
9,"News18 Lokmat",aAYo4324TQY_1,494,585,music,93,https://www.youtube.com/watch?v=aAYo4324TQY
9,"News18 Lokmat",aAYo4324TQY_2,585,718,sports,96,https://www.youtube.com/watch?v=aAYo4324TQY
9,"News18 Lokmat",aAYo4324TQY_3,718,895,kids,91,https://www.youtube.com/watch?v=aAYo4324TQY
9,"News18 Lokmat",aAYo4324TQY_4,895,1070,news,49,https://www.youtube.com/watch?v=aAYo4324TQY
9,"News18 Lokmat",aAYo4324TQY_5,1070,1245,news,87,https://www.youtube.com/watch?v=aAYo4324TQY
9,"News18 Lokmat",aAYo4324TQY_6,1245,1380,tech,86,https://www.youtube.com/watch?v=aAYo4324TQY
10,"Ian Alleyne Network",w1gDVgEh61A_0,420,592,variety,43,https://www.youtube.com/watch?v=w1gDVgEh61A
10,"Ian Alleyne Network",w1gDVgEh61A_1,592,724,music,96,https://www.youtube.com/watch?v=w1gDVgEh61A
10,"Ian Alleyne Network",w1gDVgEh61A_2,724,891,variety,88,https://www.youtube.com/watch?v=w1gDVgEh61A
10,"Ian Alleyne Network",w1gDVgEh61A_3,891,967,variety,60,https://www.youtube.com/watch?v=w1gDVgEh61A
10,"Ian Alleyne Network",w1gDVgEh61A_4,967,1053,documentary,32,https://www.youtube.com/watch?v=w1gDVgEh61A
10,"Ian Alleyne Network",w1gDVgEh61A_5,1053,1204,variety,40,https://www.youtube.com/watch?v=w1gDVgEh61A
10,"Ian Alleyne Network",w1gDVgEh61A_6,1204,1326,variety,37,https://www.youtube.com/watch?v=w1gDVgEh61A
10,"Ian Alleyne Network",w1gDVgEh61A_7,1326,1380,music,48,https://www.youtube.com/watch?v=w1gDVgEh61A
11,"Republic Bharat",xEYGgVWA_3Q_0,420,555,news,92,https://www.youtube.com/watch?v=xEYGgVWA_3Q
11,"Republic Bharat",xEYGgVWA_3Q_1,555,729,news,31,https://www.youtube.com/watch?v=xEYGgVWA_3Q
11,"Republic Bharat",xEYGgVWA_3Q_2,729,853,tech,46,https://www.youtube.com/watch?v=xEYGgVWA_3Q
11,"Republic Bharat",xEYGgVWA_3Q_3,853,997,news,58,https://www.youtube.com/watch?v=xEYGgVWA_3Q
11,"Republic Bharat",xEYGgVWA_3Q_4,997,1105,news,78,https://www.youtube.com/watch?v=xEYGgVWA_3Q
11,"Republic Bharat",xEYGgVWA_3Q_5,1105,1228,news,44,https://www.youtube.com/watch?v=xEYGgVWA_3Q
11,"Republic Bharat",xEYGgVWA_3Q_6,1228,1380,news,41,https://www.youtube.com/watch?v=xEYGgVWA_3Q
12,"Republic Bharat",WJUg7d8cnzY_0,420,530,drama,63,https://www.youtube.com/watch?v=WJUg7d8cnzY
12,"Republic Bharat",WJUg7d8cnzY_1,530,638,gaming,35,https://www.youtube.com/watch?v=WJUg7d8cnzY
12,"Republic Bharat",WJUg7d8cnzY_2,638,738,drama,100,https://www.youtube.com/watch?v=WJUg7d8cnzY
12,"Republic Bharat",WJUg7d8cnzY_3,738,836,music,54,https://www.youtube.com/watch?v=WJUg7d8cnzY
12,"Republic Bharat",WJUg7d8cnzY_4,836,1004,news,89,https://www.youtube.com/watch?v=WJUg7d8cnzY
12,"Republic Bharat",WJUg7d8cnzY_5,1004,1142,news,97,https://www.youtube.com/watch?v=WJUg7d8cnzY
12,"Republic Bharat",WJUg7d8cnzY_6,1142,1319,gaming,77,https://www.youtube.com/watch?v=WJUg7d8cnzY
12,"Republic Bharat",WJUg7d8cnzY_7,1319,1380,news,96,https://www.youtube.com/watch?v=WJUg7d8cnzY
13,"Zee News",kHDQ08Eaazg_0,420,507,news,35,https://www.youtube.com/watch?v=kHDQ08Eaazg
13,"Zee News",kHDQ08Eaazg_1,507,643,news,91,https://www.youtube.com/watch?v=kHDQ08Eaazg
13,"Zee News",kHDQ08Eaazg_2,643,813,news,34,https://www.youtube.com/watch?v=kHDQ08Eaazg
13,"Zee News",kHDQ08Eaazg_3,813,926,sports,42,https://www.youtube.com/watch?v=kHDQ08Eaazg
13,"Zee News",kHDQ08Eaazg_4,926,991,news,68,https://www.youtube.com/watch?v=kHDQ08Eaazg
13,"Zee News",kHDQ08Eaazg_5,991,1156,gaming,65,https://www.youtube.com/watch?v=kHDQ08Eaazg
13,"Zee News",kHDQ08Eaazg_6,1156,1264,news,90,https://www.youtube.com/watch?v=kHDQ08Eaazg
13,"Zee News",kHDQ08Eaazg_7,1264,1325,documentary,88,https://www.youtube.com/watch?v=kHDQ08Eaazg
13,"Zee News",kHDQ08Eaazg_8,1325,1380,news,45,https://www.youtube.com/watch?v=kHDQ08Eaazg
14,"Aaj Tak",mNUz1skJdzs_0,420,555,news,60,https://www.youtube.com/watch?v=mNUz1skJdzs
14,"Aaj Tak",mNUz1skJdzs_1,555,719,news,70,https://www.youtube.com/watch?v=mNUz1skJdzs
14,"Aaj Tak",mNUz1skJdzs_2,719,879,news,95,https://www.youtube.com/watch?v=mNUz1skJdzs
14,"Aaj Tak",mNUz1skJdzs_3,879,1053,news,67,https://www.youtube.com/watch?v=mNUz1skJdzs
14,"Aaj Tak",mNUz1skJdzs_4,1053,1211,documentary,86,https://www.youtube.com/watch?v=mNUz1skJdzs
14,"Aaj Tak",mNUz1skJdzs_5,1211,1308,news,80,https://www.youtube.com/watch?v=mNUz1skJdzs
14,"Aaj Tak",mNUz1skJdzs_6,1308,1380,news,63,https://www.youtube.com/watch?v=mNUz1skJdzs
15,"Zee News",4KmMKuACRGI_0,420,585,news,78,https://www.youtube.com/watch?v=4KmMKuACRGI
15,"Zee News",4KmMKuACRGI_1,585,698,documentary,52,https://www.youtube.com/watch?v=4KmMKuACRGI
15,"Zee News",4KmMKuACRGI_2,698,772,news,85,https://www.youtube.com/watch?v=4KmMKuACRGI
15,"Zee News",4KmMKuACRGI_3,772,891,variety,35,https://www.youtube.com/watch?v=4KmMKuACRGI
15,"Zee News",4KmMKuACRGI_4,891,1007,news,79,https://www.youtube.com/watch?v=4KmMKuACRGI
15,"Zee News",4KmMKuACRGI_5,1007,1159,news,98,https://www.youtube.com/watch?v=4KmMKuACRGI
15,"Zee News",4KmMKuACRGI_6,1159,1266,news,44,https://www.youtube.com/watch?v=4KmMKuACRGI
15,"Zee News",4KmMKuACRGI_7,1266,1334,news,75,https://www.youtube.com/watch?v=4KmMKuACRGI
15,"Zee News",4KmMKuACRGI_8,1334,1380,music,99,https://www.youtube.com/watch?v=4KmMKuACRGI
16,"Republic Bharat",SG4hYEx_OEg_0,420,520,kids,47,https://www.youtube.com/watch?v=SG4hYEx_OEg
16,"Republic Bharat",SG4hYEx_OEg_1,520,585,variety,71,https://www.youtube.com/watch?v=SG4hYEx_OEg
16,"Republic Bharat",SG4hYEx_OEg_2,585,754,variety,34,https://www.youtube.com/watch?v=SG4hYEx_OEg
16,"Republic Bharat",SG4hYEx_OEg_3,754,867,variety,35,https://www.youtube.com/watch?v=SG4hYEx_OEg
16,"Republic Bharat",SG4hYEx_OEg_4,867,1034,music,70,https://www.youtube.com/watch?v=SG4hYEx_OEg
16,"Republic Bharat",SG4hYEx_OEg_5,1034,1197,variety,75,https://www.youtube.com/watch?v=SG4hYEx_OEg
16,"Republic Bharat",SG4hYEx_OEg_6,1197,1265,variety,97,https://www.youtube.com/watch?v=SG4hYEx_OEg
16,"Republic Bharat",SG4hYEx_OEg_7,1265,1336,variety,64,https://www.youtube.com/watch?v=SG4hYEx_OEg
16,"Republic Bharat",SG4hYEx_OEg_8,1336,1380,variety,86,https://www.youtube.com/watch?v=SG4hYEx_OEg
17,"IndiaTV",qOoa5y4v2_M_0,420,579,news,80,https://www.youtube.com/watch?v=qOoa5y4v2_M
17,"IndiaTV",qOoa5y4v2_M_1,579,667,drama,39,https://www.youtube.com/watch?v=qOoa5y4v2_M
17,"IndiaTV",qOoa5y4v2_M_2,667,808,news,52,https://www.youtube.com/watch?v=qOoa5y4v2_M
17,"IndiaTV",qOoa5y4v2_M_3,808,966,news,39,https://www.youtube.com/watch?v=qOoa5y4v2_M
17,"IndiaTV",qOoa5y4v2_M_4,966,1126,news,71,https://www.youtube.com/watch?v=qOoa5y4v2_M
17,"IndiaTV",qOoa5y4v2_M_5,1126,1262,news,34,https://www.youtube.com/watch?v=qOoa5y4v2_M
17,"IndiaTV",qOoa5y4v2_M_6,1262,1380,news,66,https://www.youtube.com/watch?v=qOoa5y4v2_M
18,"India Today",twJepHRkS3k_0,420,524,variety,58,https://www.youtube.com/watch?v=twJepHRkS3k
18,"India Today",twJepHRkS3k_1,524,693,variety,31,https://www.youtube.com/watch?v=twJepHRkS3k
18,"India Today",twJepHRkS3k_2,693,860,variety,87,https://www.youtube.com/watch?v=twJepHRkS3k
18,"India Today",twJepHRkS3k_3,860,1000,variety,51,https://www.youtube.com/watch?v=twJepHRkS3k
18,"India Today",twJepHRkS3k_4,1000,1154,variety,37,https://www.youtube.com/watch?v=twJepHRkS3k
18,"India Today",twJepHRkS3k_5,1154,1247,variety,44,https://www.youtube.com/watch?v=twJepHRkS3k
18,"India Today",twJepHRkS3k_6,1247,1308,variety,36,https://www.youtube.com/watch?v=twJepHRkS3k
18,"India Today",twJepHRkS3k_7,1308,1380,variety,100,https://www.youtube.com/watch?v=twJepHRkS3k
19,"IndiaTV",Q-LI4tzZX7U_0,420,540,news,56,https://www.youtube.com/watch?v=Q-LI4tzZX7U
19,"IndiaTV",Q-LI4tzZX7U_1,540,712,news,73,https://www.youtube.com/watch?v=Q-LI4tzZX7U
19,"IndiaTV",Q-LI4tzZX7U_2,712,805,news,60,https://www.youtube.com/watch?v=Q-LI4tzZX7U
19,"IndiaTV",Q-LI4tzZX7U_3,805,882,news,82,https://www.youtube.com/watch?v=Q-LI4tzZX7U
19,"IndiaTV",Q-LI4tzZX7U_4,882,1031,news,60,https://www.youtube.com/watch?v=Q-LI4tzZX7U
19,"IndiaTV",Q-LI4tzZX7U_5,1031,1146,talk,45,https://www.youtube.com/watch?v=Q-LI4tzZX7U
19,"IndiaTV",Q-LI4tzZX7U_6,1146,1305,news,80,https://www.youtube.com/watch?v=Q-LI4tzZX7U
19,"IndiaTV",Q-LI4tzZX7U_7,1305,1380,news,42,https://www.youtube.com/watch?v=Q-LI4tzZX7U
20,"WION",qeAZUXVD2D8_0,420,525,news,64,https://www.youtube.com/watch?v=qeAZUXVD2D8
20,"WION",qeAZUXVD2D8_1,525,646,variety,58,https://www.youtube.com/watch?v=qeAZUXVD2D8
20,"WION",qeAZUXVD2D8_2,646,796,talk,46,https://www.youtube.com/watch?v=qeAZUXVD2D8
20,"WION",qeAZUXVD2D8_3,796,955,variety,38,https://www.youtube.com/watch?v=qeAZUXVD2D8
20,"WION",qeAZUXVD2D8_4,955,1064,documentary,43,https://www.youtube.com/watch?v=qeAZUXVD2D8
20,"WION",qeAZUXVD2D8_5,1064,1210,variety,61,https://www.youtube.com/watch?v=qeAZUXVD2D8
20,"WION",qeAZUXVD2D8_6,1210,1278,variety,85,https://www.youtube.com/watch?v=qeAZUXVD2D8
20,"WION",qeAZUXVD2D8_7,1278,1380,documentary,82,https://www.youtube.com/watch?v=qeAZUXVD2D8
21,"AlMayadeen Live - الميادين مباشر",_sXT-CHVXdE_0,420,495,variety,96,https://www.youtube.com/watch?v=_sXT-CHVXdE
21,"AlMayadeen Live - الميادين مباشر",_sXT-CHVXdE_1,495,602,variety,91,https://www.youtube.com/watch?v=_sXT-CHVXdE
21,"AlMayadeen Live - الميادين مباشر",_sXT-CHVXdE_2,602,775,variety,42,https://www.youtube.com/watch?v=_sXT-CHVXdE
21,"AlMayadeen Live - الميادين مباشر",_sXT-CHVXdE_3,775,920,kids,75,https://www.youtube.com/watch?v=_sXT-CHVXdE
21,"AlMayadeen Live - الميادين مباشر",_sXT-CHVXdE_4,920,1082,kids,45,https://www.youtube.com/watch?v=_sXT-CHVXdE
21,"AlMayadeen Live - الميادين مباشر",_sXT-CHVXdE_5,1082,1257,variety,34,https://www.youtube.com/watch?v=_sXT-CHVXdE
21,"AlMayadeen Live - الميادين مباشر",_sXT-CHVXdE_6,1257,1330,variety,40,https://www.youtube.com/watch?v=_sXT-CHVXdE
21,"AlMayadeen Live - الميادين مباشر",_sXT-CHVXdE_7,1330,1380,variety,81,https://www.youtube.com/watch?v=_sXT-CHVXdE
22,"Jeremy Frieser",VPH3wfnZo64_0,420,499,gaming,71,https://www.youtube.com/watch?v=VPH3wfnZo64
22,"Jeremy Frieser",VPH3wfnZo64_1,499,563,tech,49,https://www.youtube.com/watch?v=VPH3wfnZo64
22,"Jeremy Frieser",VPH3wfnZo64_2,563,724,talk,44,https://www.youtube.com/watch?v=VPH3wfnZo64
22,"Jeremy Frieser",VPH3wfnZo64_3,724,854,gaming,55,https://www.youtube.com/watch?v=VPH3wfnZo64
22,"Jeremy Frieser",VPH3wfnZo64_4,854,938,kids,34,https://www.youtube.com/watch?v=VPH3wfnZo64
22,"Jeremy Frieser",VPH3wfnZo64_5,938,1058,gaming,34,https://www.youtube.com/watch?v=VPH3wfnZo64
22,"Jeremy Frieser",VPH3wfnZo64_6,1058,1195,tech,77,https://www.youtube.com/watch?v=VPH3wfnZo64
22,"Jeremy Frieser",VPH3wfnZo64_7,1195,1249,gaming,50,https://www.youtube.com/watch?v=VPH3wfnZo64
22,"Jeremy Frieser",VPH3wfnZo64_8,1249,1380,gaming,52,https://www.youtube.com/watch?v=VPH3wfnZo64
23,"CNBC Awaaz.",JgBfReSuww0_0,420,540,news,80,https://www.youtube.com/watch?v=JgBfReSuww0
23,"CNBC Awaaz.",JgBfReSuww0_1,540,646,news,89,https://www.youtube.com/watch?v=JgBfReSuww0
23,"CNBC Awaaz.",JgBfReSuww0_2,646,759,news,87,https://www.youtube.com/watch?v=JgBfReSuww0
23,"CNBC Awaaz.",JgBfReSuww0_3,759,933,news,40,https://www.youtube.com/watch?v=JgBfReSuww0
23,"CNBC Awaaz.",JgBfReSuww0_4,933,1100,news,61,https://www.youtube.com/watch?v=JgBfReSuww0
23,"CNBC Awaaz.",JgBfReSuww0_5,1100,1264,music,98,https://www.youtube.com/watch?v=JgBfReSuww0
23,"CNBC Awaaz.",JgBfReSuww0_6,1264,1340,news,46,https://www.youtube.com/watch?v=JgBfReSuww0
23,"CNBC Awaaz.",JgBfReSuww0_7,1340,1380,news,55,https://www.youtube.com/watch?v=JgBfReSuww0
24,"Aaj Tak",SByxmu32Js4_0,420,578,news,79,https://www.youtube.com/watch?v=SByxmu32Js4
24,"Aaj Tak",SByxmu32Js4_1,578,709,music,51,https://www.youtube.com/watch?v=SByxmu32Js4
24,"Aaj Tak",SByxmu32Js4_2,709,761,music,84,https://www.youtube.com/watch?v=SByxmu32Js4
24,"Aaj Tak",SByxmu32Js4_3,761,934,kids,45,https://www.youtube.com/watch?v=SByxmu32Js4
24,"Aaj Tak",SByxmu32Js4_4,934,1043,drama,76,https://www.youtube.com/watch?v=SByxmu32Js4
24,"Aaj Tak",SByxmu32Js4_5,1043,1197,variety,69,https://www.youtube.com/watch?v=SByxmu32Js4
24,"Aaj Tak",SByxmu32Js4_6,1197,1335,documentary,37,https://www.youtube.com/watch?v=SByxmu32Js4
24,"Aaj Tak",SByxmu32Js4_7,1335,1380,variety,63,https://www.youtube.com/watch?v=SByxmu32Js4
25,"Aaj Tak",_BWNTwHxhUY_0,420,574,variety,33,https://www.youtube.com/watch?v=_BWNTwHxhUY
25,"Aaj Tak",_BWNTwHxhUY_1,574,648,variety,51,https://www.youtube.com/watch?v=_BWNTwHxhUY
25,"Aaj Tak",_BWNTwHxhUY_2,648,740,variety,59,https://www.youtube.com/watch?v=_BWNTwHxhUY
25,"Aaj Tak",_BWNTwHxhUY_3,740,875,variety,59,https://www.youtube.com/watch?v=_BWNTwHxhUY
25,"Aaj Tak",_BWNTwHxhUY_4,875,987,variety,67,https://www.youtube.com/watch?v=_BWNTwHxhUY
25,"Aaj Tak",_BWNTwHxhUY_5,987,1163,variety,59,https://www.youtube.com/watch?v=_BWNTwHxhUY
25,"Aaj Tak",_BWNTwHxhUY_6,1163,1331,movie,37,https://www.youtube.com/watch?v=_BWNTwHxhUY
25,"Aaj Tak",_BWNTwHxhUY_7,1331,1380,variety,94,https://www.youtube.com/watch?v=_BWNTwHxhUY
26,"News18 Bihar Jharkhand",5eAGEGZsaCE_0,420,526,movie,44,https://www.youtube.com/watch?v=5eAGEGZsaCE
26,"News18 Bihar Jharkhand",5eAGEGZsaCE_1,526,663,news,48,https://www.youtube.com/watch?v=5eAGEGZsaCE
26,"News18 Bihar Jharkhand",5eAGEGZsaCE_2,663,804,documentary,81,https://www.youtube.com/watch?v=5eAGEGZsaCE
26,"News18 Bihar Jharkhand",5eAGEGZsaCE_3,804,978,news,69,https://www.youtube.com/watch?v=5eAGEGZsaCE
26,"News18 Bihar Jharkhand",5eAGEGZsaCE_4,978,1086,news,79,https://www.youtube.com/watch?v=5eAGEGZsaCE
26,"News18 Bihar Jharkhand",5eAGEGZsaCE_5,1086,1190,news,78,https://www.youtube.com/watch?v=5eAGEGZsaCE
26,"News18 Bihar Jharkhand",5eAGEGZsaCE_6,1190,1303,news,32,https://www.youtube.com/watch?v=5eAGEGZsaCE
26,"News18 Bihar Jharkhand",5eAGEGZsaCE_7,1303,1380,variety,73,https://www.youtube.com/watch?v=5eAGEGZsaCE
27,"Republic Bharat",HtHKvA7fXgs_0,420,478,gaming,30,https://www.youtube.com/watch?v=HtHKvA7fXgs
27,"Republic Bharat",HtHKvA7fXgs_1,478,588,news,95,https://www.youtube.com/watch?v=HtHKvA7fXgs
27,"Republic Bharat",HtHKvA7fXgs_2,588,658,news,81,https://www.youtube.com/watch?v=HtHKvA7fXgs
27,"Republic Bharat",HtHKvA7fXgs_3,658,760,news,41,https://www.youtube.com/watch?v=HtHKvA7fXgs
27,"Republic Bharat",HtHKvA7fXgs_4,760,901,news,47,https://www.youtube.com/watch?v=HtHKvA7fXgs
27,"Republic Bharat",HtHKvA7fXgs_5,901,998,news,49,https://www.youtube.com/watch?v=HtHKvA7fXgs
27,"Republic Bharat",HtHKvA7fXgs_6,998,1120,drama,59,https://www.youtube.com/watch?v=HtHKvA7fXgs
27,"Republic Bharat",HtHKvA7fXgs_7,1120,1199,news,98,https://www.youtube.com/watch?v=HtHKvA7fXgs
27,"Republic Bharat",HtHKvA7fXgs_8,1199,1275,news,43,https://www.youtube.com/watch?v=HtHKvA7fXgs
27,"Republic Bharat",HtHKvA7fXgs_9,1275,1380,drama,51,https://www.youtube.com/watch?v=HtHKvA7fXgs
28,"Zee News",rb-a3p_7LNo_0,420,553,variety,71,https://www.youtube.com/watch?v=rb-a3p_7LNo
28,"Zee News",rb-a3p_7LNo_1,553,719,variety,33,https://www.youtube.com/watch?v=rb-a3p_7LNo
28,"Zee News",rb-a3p_7LNo_2,719,868,variety,84,https://www.youtube.com/watch?v=rb-a3p_7LNo
28,"Zee News",rb-a3p_7LNo_3,868,1001,variety,78,https://www.youtube.com/watch?v=rb-a3p_7LNo
28,"Zee News",rb-a3p_7LNo_4,1001,1157,music,95,https://www.youtube.com/watch?v=rb-a3p_7LNo
28,"Zee News",rb-a3p_7LNo_5,1157,1221,variety,68,https://www.youtube.com/watch?v=rb-a3p_7LNo
28,"Zee News",rb-a3p_7LNo_6,1221,1345,variety,32,https://www.youtube.com/watch?v=rb-a3p_7LNo
28,"Zee News",rb-a3p_7LNo_7,1345,1380,kids,56,https://www.youtube.com/watch?v=rb-a3p_7LNo
29,"News18 Bangla",gC2UoSJtSeM_0,420,525,sports,64,https://www.youtube.com/watch?v=gC2UoSJtSeM
29,"News18 Bangla",gC2UoSJtSeM_1,525,697,drama,67,https://www.youtube.com/watch?v=gC2UoSJtSeM
29,"News18 Bangla",gC2UoSJtSeM_2,697,828,news,54,https://www.youtube.com/watch?v=gC2UoSJtSeM
29,"News18 Bangla",gC2UoSJtSeM_3,828,1007,news,31,https://www.youtube.com/watch?v=gC2UoSJtSeM
29,"News18 Bangla",gC2UoSJtSeM_4,1007,1162,news,52,https://www.youtube.com/watch?v=gC2UoSJtSeM
29,"News18 Bangla",gC2UoSJtSeM_5,1162,1286,news,90,https://www.youtube.com/watch?v=gC2UoSJtSeM
29,"News18 Bangla",gC2UoSJtSeM_6,1286,1380,news,78,https://www.youtube.com/watch?v=gC2UoSJtSeM
30,"National Geographic",FqQJmDiW0xs_0,420,551,drama,70,https://www.youtube.com/watch?v=FqQJmDiW0xs
30,"National Geographic",FqQJmDiW0xs_1,551,650,documentary,54,https://www.youtube.com/watch?v=FqQJmDiW0xs
30,"National Geographic",FqQJmDiW0xs_2,650,761,tech,58,https://www.youtube.com/watch?v=FqQJmDiW0xs
30,"National Geographic",FqQJmDiW0xs_3,761,851,variety,30,https://www.youtube.com/watch?v=FqQJmDiW0xs
30,"National Geographic",FqQJmDiW0xs_4,851,1006,variety,74,https://www.youtube.com/watch?v=FqQJmDiW0xs
30,"National Geographic",FqQJmDiW0xs_5,1006,1159,variety,79,https://www.youtube.com/watch?v=FqQJmDiW0xs
30,"National Geographic",FqQJmDiW0xs_6,1159,1314,variety,83,https://www.youtube.com/watch?v=FqQJmDiW0xs
30,"National Geographic",FqQJmDiW0xs_7,1314,1380,talk,44,https://www.youtube.com/watch?v=FqQJmDiW0xs
31,"IndiaTV",TNKbD5iYD8E_0,420,582,news,71,https://www.youtube.com/watch?v=TNKbD5iYD8E
31,"IndiaTV",TNKbD5iYD8E_1,582,702,talk,40,https://www.youtube.com/watch?v=TNKbD5iYD8E
31,"IndiaTV",TNKbD5iYD8E_2,702,859,news,66,https://www.youtube.com/watch?v=TNKbD5iYD8E
31,"IndiaTV",TNKbD5iYD8E_3,859,1035,tech,60,https://www.youtube.com/watch?v=TNKbD5iYD8E
31,"IndiaTV",TNKbD5iYD8E_4,1035,1170,news,52,https://www.youtube.com/watch?v=TNKbD5iYD8E
31,"IndiaTV",TNKbD5iYD8E_5,1170,1304,music,72,https://www.youtube.com/watch?v=TNKbD5iYD8E
31,"IndiaTV",TNKbD5iYD8E_6,1304,1380,drama,90,https://www.youtube.com/watch?v=TNKbD5iYD8E
32,"NDTV India",0_UYZeusfmM_0,420,586,news,92,https://www.youtube.com/watch?v=0_UYZeusfmM
32,"NDTV India",0_UYZeusfmM_1,586,757,news,97,https://www.youtube.com/watch?v=0_UYZeusfmM
32,"NDTV India",0_UYZeusfmM_2,757,878,drama,86,https://www.youtube.com/watch?v=0_UYZeusfmM
32,"NDTV India",0_UYZeusfmM_3,878,1039,news,85,https://www.youtube.com/watch?v=0_UYZeusfmM
32,"NDTV India",0_UYZeusfmM_4,1039,1173,news,62,https://www.youtube.com/watch?v=0_UYZeusfmM
32,"NDTV India",0_UYZeusfmM_5,1173,1347,news,89,https://www.youtube.com/watch?v=0_UYZeusfmM
32,"NDTV India",0_UYZeusfmM_6,1347,1380,news,47,https://www.youtube.com/watch?v=0_UYZeusfmM
33,"News18 UP Uttarakhand",RngnsVWicZ0_0,420,500,variety,44,https://www.youtube.com/watch?v=RngnsVWicZ0
33,"News18 UP Uttarakhand",RngnsVWicZ0_1,500,658,variety,94,https://www.youtube.com/watch?v=RngnsVWicZ0
33,"News18 UP Uttarakhand",RngnsVWicZ0_2,658,761,sports,78,https://www.youtube.com/watch?v=RngnsVWicZ0
33,"News18 UP Uttarakhand",RngnsVWicZ0_3,761,923,gaming,99,https://www.youtube.com/watch?v=RngnsVWicZ0
33,"News18 UP Uttarakhand",RngnsVWicZ0_4,923,1055,news,73,https://www.youtube.com/watch?v=RngnsVWicZ0
33,"News18 UP Uttarakhand",RngnsVWicZ0_5,1055,1153,variety,81,https://www.youtube.com/watch?v=RngnsVWicZ0
33,"News18 UP Uttarakhand",RngnsVWicZ0_6,1153,1258,drama,80,https://www.youtube.com/watch?v=RngnsVWicZ0
33,"News18 UP Uttarakhand",RngnsVWicZ0_7,1258,1380,music,89,https://www.youtube.com/watch?v=RngnsVWicZ0
34,"IndiaTV",067Tm9GcK8E_0,420,591,variety,63,https://www.youtube.com/watch?v=067Tm9GcK8E
34,"IndiaTV",067Tm9GcK8E_1,591,640,variety,90,https://www.youtube.com/watch?v=067Tm9GcK8E
34,"IndiaTV",067Tm9GcK8E_2,640,787,variety,100,https://www.youtube.com/watch?v=067Tm9GcK8E
34,"IndiaTV",067Tm9GcK8E_3,787,940,variety,36,https://www.youtube.com/watch?v=067Tm9GcK8E
34,"IndiaTV",067Tm9GcK8E_4,940,1076,variety,99,https://www.youtube.com/watch?v=067Tm9GcK8E
34,"IndiaTV",067Tm9GcK8E_5,1076,1205,variety,48,https://www.youtube.com/watch?v=067Tm9GcK8E
34,"IndiaTV",067Tm9GcK8E_6,1205,1380,variety,45,https://www.youtube.com/watch?v=067Tm9GcK8E
35,"News18 MP Chhattisgarh",RBKlKrL7lK4_0,420,531,variety,95,https://www.youtube.com/watch?v=RBKlKrL7lK4
35,"News18 MP Chhattisgarh",RBKlKrL7lK4_1,531,693,variety,70,https://www.youtube.com/watch?v=RBKlKrL7lK4
35,"News18 MP Chhattisgarh",RBKlKrL7lK4_2,693,854,sports,78,https://www.youtube.com/watch?v=RBKlKrL7lK4
35,"News18 MP Chhattisgarh",RBKlKrL7lK4_3,854,889,variety,54,https://www.youtube.com/watch?v=RBKlKrL7lK4
35,"News18 MP Chhattisgarh",RBKlKrL7lK4_4,889,1057,drama,30,https://www.youtube.com/watch?v=RBKlKrL7lK4
35,"News18 MP Chhattisgarh",RBKlKrL7lK4_5,1057,1156,variety,53,https://www.youtube.com/watch?v=RBKlKrL7lK4
35,"News18 MP Chhattisgarh",RBKlKrL7lK4_6,1156,1322,variety,53,https://www.youtube.com/watch?v=RBKlKrL7lK4
35,"News18 MP Chhattisgarh",RBKlKrL7lK4_7,1322,1380,variety,57,https://www.youtube.com/watch?v=RBKlKrL7lK4
36,"IndiaTV",jyciOq7Lawo_0,420,528,news,71,https://www.youtube.com/watch?v=jyciOq7Lawo
36,"IndiaTV",jyciOq7Lawo_1,528,644,news,54,https://www.youtube.com/watch?v=jyciOq7Lawo
36,"IndiaTV",jyciOq7Lawo_2,644,787,music,45,https://www.youtube.com/watch?v=jyciOq7Lawo
36,"IndiaTV",jyciOq7Lawo_3,787,942,news,32,https://www.youtube.com/watch?v=jyciOq7Lawo
36,"IndiaTV",jyciOq7Lawo_4,942,1048,news,69,https://www.youtube.com/watch?v=jyciOq7Lawo
36,"IndiaTV",jyciOq7Lawo_5,1048,1118,news,87,https://www.youtube.com/watch?v=jyciOq7Lawo
36,"IndiaTV",jyciOq7Lawo_6,1118,1262,news,78,https://www.youtube.com/watch?v=jyciOq7Lawo
36,"IndiaTV",jyciOq7Lawo_7,1262,1380,variety,74,https://www.youtube.com/watch?v=jyciOq7Lawo
37,"News18 Bihar Jharkhand",dfuE2JWEE0o_0,420,459,news,95,https://www.youtube.com/watch?v=dfuE2JWEE0o
37,"News18 Bihar Jharkhand",dfuE2JWEE0o_1,459,571,news,52,https://www.youtube.com/watch?v=dfuE2JWEE0o
37,"News18 Bihar Jharkhand",dfuE2JWEE0o_2,571,742,news,74,https://www.youtube.com/watch?v=dfuE2JWEE0o
37,"News18 Bihar Jharkhand",dfuE2JWEE0o_3,742,918,news,71,https://www.youtube.com/watch?v=dfuE2JWEE0o
37,"News18 Bihar Jharkhand",dfuE2JWEE0o_4,918,1003,news,33,https://www.youtube.com/watch?v=dfuE2JWEE0o
37,"News18 Bihar Jharkhand",dfuE2JWEE0o_5,1003,1159,news,100,https://www.youtube.com/watch?v=dfuE2JWEE0o
37,"News18 Bihar Jharkhand",dfuE2JWEE0o_6,1159,1280,news,36,https://www.youtube.com/watch?v=dfuE2JWEE0o
37,"News18 Bihar Jharkhand",dfuE2JWEE0o_7,1280,1380,news,58,https://www.youtube.com/watch?v=dfuE2JWEE0o
38,"Aaj Tak",XfqJM4tCyF4_0,420,523,sports,42,https://www.youtube.com/watch?v=XfqJM4tCyF4
38,"Aaj Tak",XfqJM4tCyF4_1,523,674,variety,41,https://www.youtube.com/watch?v=XfqJM4tCyF4
38,"Aaj Tak",XfqJM4tCyF4_2,674,847,variety,54,https://www.youtube.com/watch?v=XfqJM4tCyF4
38,"Aaj Tak",XfqJM4tCyF4_3,847,1023,variety,40,https://www.youtube.com/watch?v=XfqJM4tCyF4
38,"Aaj Tak",XfqJM4tCyF4_4,1023,1113,variety,39,https://www.youtube.com/watch?v=XfqJM4tCyF4
38,"Aaj Tak",XfqJM4tCyF4_5,1113,1258,variety,62,https://www.youtube.com/watch?v=XfqJM4tCyF4
38,"Aaj Tak",XfqJM4tCyF4_6,1258,1380,variety,85,https://www.youtube.com/watch?v=XfqJM4tCyF4
39,"Tomographic",8HVXrRgingY_0,420,564,variety,70,https://www.youtube.com/watch?v=8HVXrRgingY
39,"Tomographic",8HVXrRgingY_1,564,655,variety,98,https://www.youtube.com/watch?v=8HVXrRgingY
39,"Tomographic",8HVXrRgingY_2,655,818,variety,77,https://www.youtube.com/watch?v=8HVXrRgingY
39,"Tomographic",8HVXrRgingY_3,818,944,variety,93,https://www.youtube.com/watch?v=8HVXrRgingY
39,"Tomographic",8HVXrRgingY_4,944,1089,news,36,https://www.youtube.com/watch?v=8HVXrRgingY
39,"Tomographic",8HVXrRgingY_5,1089,1187,variety,46,https://www.youtube.com/watch?v=8HVXrRgingY
39,"Tomographic",8HVXrRgingY_6,1187,1275,variety,53,https://www.youtube.com/watch?v=8HVXrRgingY
39,"Tomographic",8HVXrRgingY_7,1275,1326,variety,32,https://www.youtube.com/watch?v=8HVXrRgingY
39,"Tomographic",8HVXrRgingY_8,1326,1380,drama,30,https://www.youtube.com/watch?v=8HVXrRgingY
